lp__,accept_stat__,stepsize__,treedepth__,n_leapfrog__,divergent__,energy__,theta
-6.7738072,0.97539938,1.0982896,2,3,0,6.8558514,0.2790759
-6.7835722,0.99890267,1.0982896,2,3,0,6.7906485,0.28427463
-6.7835722,0.33644404,1.0982896,1,3,0,9.4004821,0.28427463
-6.7486333,0.99957667,1.0982896,1,3,0,6.7790787,0.24564556
-6.7987344,0.98510201,1.0982896,2,3,0,6.8337535,0.21166728
-6.8133045,0.99866077,1.0982896,2,3,0,6.8251186,0.20674432
-6.78735,1,1.0982896,2,3,0,6.8130925,0.21608186
-7.2232296,0.88835273,1.0982896,1,3,0,7.3445703,0.38271729
-6.8146744,0.99118855,1.0982896,2,3,0,7.3396121,0.20631395
-6.7749628,1,1.0982896,2,3,0,6.8026137,0.27973522
-7.2696397,0.85195911,1.0982896,1,3,0,7.5019782,0.13874454
-6.8826455,0.88918031,1.0982896,2,3,0,8.1601934,0.31826619
-6.8115413,0.98397924,1.0982896,1,3,0,6.9830808,0.2073056
-7.4135333,0.88054099,1.0982896,2,3,0,7.7266151,0.12696612
-6.7498567,0.97815673,1.0982896,1,3,0,7.3452443,0.242479
-7.4913232,0.86578216,1.0982896,2,3,0,7.6683461,0.12136545
-7.5960059,0.98197075,1.0982896,1,1,0,7.730149,0.11449756
-6.8435579,0.91640622,1.0982896,2,3,0,7.8176838,0.30709566
-6.7565658,0.92683821,1.0982896,2,3,0,7.1121953,0.26657246
-6.9274879,0.96656987,1.0982896,2,3,0,6.9617301,0.18052369
-8.1084447,0.71511419,1.0982896,2,3,0,9.1860966,0.48190948
-8.1084447,0.15547638,1.0982896,1,1,0,11.201975,0.48190948
-7.2438468,1,1.0982896,2,3,0,7.8870362,0.38574563
-7.1167609,0.86300191,1.0982896,1,3,0,7.8730013,0.15408719
-6.7486983,0.98533746,1.0982896,1,3,0,7.0867064,0.25461671
-6.748022,0.99946472,1.0982896,2,3,0,6.7512642,0.2500975
-6.7890871,0.98915018,1.0982896,1,3,0,6.794715,0.21536732
-6.8176164,0.94242058,1.0982896,2,3,0,7.1760011,0.20540594
-7.3413863,0.74221322,1.0982896,2,3,0,8.6507943,0.13261337
-8.8647302,0.92064269,1.0982896,2,3,0,9.2864553,0.54194952
-7.1615019,1,1.0982896,1,1,0,8.2447283,0.37326796
-10.456102,0.57988373,1.0982896,2,3,0,10.496635,0.63615084
-10.004029,1,1.0982896,2,3,0,11.548682,0.61255757
-6.7587154,1,1.0982896,1,3,0,8.8399943,0.26857046
-8.7364065,0.58844003,1.0982896,1,3,0,8.7684913,0.53269717
-7.0887139,0.93424689,1.0982896,1,3,0,9.1095989,0.15734599
-7.2310795,0.97008929,1.0982896,1,1,0,7.2834113,0.14228884
-7.6791145,0.95260481,1.0982896,2,3,0,7.6792384,0.4397628
-7.3100277,0.84959471,1.0982896,2,3,0,8.6697862,0.13522426
-6.8431099,1,1.0982896,1,3,0,7.2010886,0.19830002
-6.7488847,0.9969354,1.0982896,1,3,0,6.8344279,0.25521692
-7.0789656,0.91463381,1.0982896,1,3,0,7.0936606,0.35955027
-6.7528119,0.89561762,1.0982896,2,3,0,7.4965665,0.23790016
-7.474426,0.86788432,1.0982896,2,3,0,7.6660298,0.12254298
-8.0465448,0.91134775,1.0982896,1,1,0,8.0821404,0.091122995
-7.3034348,1,1.0982896,1,1,0,7.923322,0.13578638
-7.4717804,0.96878359,1.0982896,1,1,0,7.5574843,0.12272923
-6.9433193,0.97276837,1.0982896,2,3,0,7.8086599,0.17778532
-7.8635047,0.87255457,1.0982896,1,3,0,7.8888282,0.099625851
-8.430245,0.92594022,1.0982896,1,1,0,8.5052136,0.076412147
-6.7998498,0.94951779,1.0982896,1,3,0,8.3280038,0.21126506
-6.7998498,0.93808238,1.0982896,1,3,0,7.0900771,0.21126506
-6.9276574,0.9664941,1.0982896,1,1,0,6.9288469,0.18049362
-9.9949964,0.53524671,1.0982896,1,3,0,10.812455,0.040445173
-7.16496,0.85717965,1.0982896,2,7,0,11.662149,0.37381381
-7.16496,0.64394896,1.0982896,1,1,0,7.9029622,0.37381381
-6.7607752,0.88806371,1.0982896,2,3,0,7.6297175,0.23039943
-7.0919068,0.9250008,1.0982896,2,3,0,7.2638163,0.15696639
-7.1339568,0.99086561,1.0982896,1,1,0,7.2094855,0.15216894
-6.8771467,1,1.0982896,2,3,0,7.0549836,0.3167957
-6.8377658,1,1.0982896,1,1,0,6.8888015,0.3052706
-6.7931366,1,1.0982896,1,1,0,6.8322112,0.28873802
-6.82611,0.98862883,1.0982896,1,1,0,6.8371219,0.3014227
-6.764089,1,1.0982896,1,1,0,6.8060047,0.27284078
-7.0647664,0.6452731,1.0982896,2,3,0,8.4470404,0.35703806
-6.7503473,1,1.0982896,1,3,0,6.9693926,0.25858871
-6.7553146,0.86011915,1.0982896,2,3,0,7.423303,0.23510994
-6.7553146,0.78473501,1.0982896,1,3,0,7.4524947,0.23510994
-6.7602318,0.99951111,1.0982896,2,3,0,6.7616707,0.23081374
-6.7847541,0.98511824,1.0982896,2,3,0,6.8471423,0.21718204
-7.610381,0.80382243,1.0982896,1,3,0,7.7548108,0.43218947
-6.9306572,0.40865646,1.0982896,2,3,0,11.569931,0.33008545
-9.1052775,0.42079492,1.0982896,1,1,0,9.1121084,0.55847204
-10.418986,0.59003247,1.0982896,1,1,0,11.259859,0.63429039
-7.9426575,1,1.0982896,1,1,0,9.7231606,0.46654788
-7.0880869,0.89336025,1.0982896,1,3,0,8.4572289,0.15742081
-9.2545207,0.62394769,1.0982896,1,3,0,9.9656602,0.56823472
-11.200863,0.46525379,1.0982896,1,1,0,12.042233,0.67094
-7.5394973,1,1.0982896,1,1,0,9.8388792,0.42407055
-7.3766146,1,1.0982896,1,1,0,7.6967775,0.40399503
-6.7776653,1,1.0982896,1,3,0,7.1617359,0.28122635
-6.7572352,0.97433136,1.0982896,2,3,0,6.8767078,0.26721847
-6.7658647,0.99716284,1.0982896,1,1,0,6.7677344,0.27409365
-7.5594857,0.72460635,1.0982896,2,3,0,8.3105736,0.11681442
-7.585826,0.99850052,1.0982896,2,3,0,7.7550025,0.11513534
-7.1134954,1,1.0982896,1,1,0,7.5028401,0.15445809
-7.5183644,0.92189035,1.0982896,1,1,0,7.5356613,0.11952288
-7.1406665,1,1.0982896,1,1,0,7.4670093,0.15143578
-7.4608551,0.90053527,1.0982896,1,3,0,8.0781335,0.41464825
-7.4608551,0.38375721,1.0982896,1,1,0,8.9802386,0.41464825
-6.9624043,1,1.0982896,2,3,0,7.401848,0.17465627
-7.5287382,0.86290253,1.0982896,1,3,0,7.9257641,0.42280848
-6.8823032,0.99207682,1.0982896,2,3,0,7.7254764,0.18923228
-8.15478,0.72819611,1.0982896,1,3,0,8.4902477,0.48603104
-8.15478,0.30879093,1.0982896,1,1,0,10.24695,0.48603104
-6.7724276,1,1.0982896,1,3,0,7.8636188,0.22308425
-6.748054,0.99338332,1.0982896,2,3,0,6.8128153,0.251005
-6.8246926,0.76780138,1.0982896,2,3,0,7.957499,0.20330544
-6.763477,0.98973121,1.0982896,2,3,0,6.8990374,0.22846428
-7.1106668,0.9217711,1.0982896,2,3,0,7.2934995,0.15478112
-6.7982985,0.98164353,1.0982896,2,3,0,7.2682921,0.21182579
-7.2763318,0.87510113,1.0982896,2,3,0,7.6553675,0.39040156
-6.8176441,1,1.0982896,2,3,0,7.1104134,0.29845632
-6.7744858,0.95698234,1.0982896,2,3,0,7.0196346,0.22200343
-6.8150903,0.9851252,1.0982896,2,3,0,6.8735283,0.29752867
-7.4728187,0.78309734,1.0982896,1,1,0,7.4738752,0.41611217
-7.0529459,1,1.0982896,2,3,0,7.3558155,0.16176462
-6.7841667,1,1.0982896,1,3,0,6.9853704,0.2174367
-7.8669649,0.82406124,1.0982896,2,3,0,8.1497951,0.099454076
-8.1583461,0.95966672,1.0982896,1,1,0,8.2961316,0.086449019
-8.3091796,0.98088546,1.0982896,1,1,0,8.524797,0.080669168
-8.1638991,1,1.0982896,1,1,0,8.5087279,0.086225979
-8.099127,1,1.0982896,1,1,0,8.392268,0.088880144
-6.7846046,0.964553,1.0982896,1,3,0,7.9831486,0.21724662
-7.3109734,0.8961423,1.0982896,1,3,0,7.3437332,0.13514401
-7.3109734,0.843058,1.0982896,1,3,0,8.6872624,0.13514401
-7.0487824,1,1.0982896,2,3,0,7.280498,0.16230015
-6.7485896,0.99521331,1.0982896,2,3,0,7.0647086,0.24580317
-6.9414204,0.95201223,1.0982896,1,3,0,6.9667985,0.17810658
-7.2620277,0.91461661,1.0982896,2,3,0,7.7214877,0.13942936
-8.379521,0.86521167,1.0982896,1,3,0,8.3844212,0.07815732
-7.5690335,1,1.0982896,1,1,0,8.27353,0.11620091
-8.1180464,0.83367941,1.0982896,1,3,0,9.3749978,0.48276937
-9.8457092,0.72874903,1.0982896,2,3,0,10.274779,0.60378011
-7.133083,1,1.0982896,2,3,0,8.7836441,0.36870004
-7.0225829,1,1.0982896,1,1,0,7.1780157,0.34925256
-7.2207905,0.97541562,1.0982896,2,3,0,7.3012017,0.38235505
-6.7834892,0.94700847,1.0982896,2,3,0,7.5264229,0.21773321
-6.7930936,0.99728982,1.0982896,1,1,0,6.801647,0.21377905
-6.9591793,0.9565859,1.0982896,1,1,0,6.959186,0.17517282
-6.7569071,0.98709807,1.0982896,1,3,0,6.9661483,0.2669048
-7.3085583,0.89519156,1.0982896,2,3,0,7.3990743,0.13534913
-7.0663451,0.95487722,1.0982896,2,3,0,7.8089621,0.35731989
-7.9044859,0.7154628,1.0982896,1,1,0,7.9712214,0.46286247
-7.191473,0.85096616,1.0982896,1,3,0,8.6397678,0.14613899
-6.8700522,1,1.0982896,1,1,0,7.1143453,0.19188123
-6.8225307,1,1.0982896,2,3,0,6.8699622,0.20393534
-7.3509893,0.90645316,1.0982896,1,3,0,7.3658072,0.13183375
-6.7696442,0.99875988,1.0982896,1,3,0,7.249313,0.22462561
-6.7897905,0.99807896,1.0982896,2,3,0,6.7931272,0.21508261
-7.9617922,0.77856204,1.0982896,1,3,0,8.137847,0.094918053
-7.209942,0.86975558,1.0982896,2,3,0,8.8042558,0.38073335
-7.4257146,0.91756289,1.0982896,1,1,0,7.577881,0.41028018
-6.8118784,1,1.0982896,1,1,0,7.1993708,0.29633811
-6.990083,0.93789591,1.0982896,1,1,0,6.9983315,0.34287214
-6.7902376,1,1.0982896,1,1,0,6.9215851,0.28743717
-6.7513892,0.97940603,1.0982896,2,3,0,6.8729463,0.26035063
-6.7490667,0.98713304,1.0982896,2,3,0,6.8097622,0.25574327
-6.8967918,0.96126129,1.0982896,1,3,0,6.9030002,0.32192635
-6.812801,1,1.0982896,2,3,0,6.871825,0.20690373
-9.073771,0.6093447,1.0982896,1,3,0,9.6498266,0.058140496
-6.7743194,0.8161603,1.0982896,1,3,0,9.4925667,0.27936984
-6.8490997,0.85198174,1.0982896,2,3,0,7.3606894,0.30879417
-8.0588473,0.76701304,1.0982896,2,3,0,8.1002745,0.090590872
-6.7539868,1,1.0982896,2,3,0,7.8050562,0.26381584
-6.8647326,0.97151242,1.0982896,1,3,0,6.8655535,0.31336525
-6.7480257,0.96968238,1.0982896,2,3,0,6.9954264,0.24964838
-6.9486548,0.90310988,1.0982896,2,3,0,7.2472354,0.1768926
-7.2881917,0.92623966,1.0982896,1,1,0,7.2932375,0.13710442
-7.3497126,0.98810904,1.0982896,1,1,0,7.4596595,0.13193688
-7.5053721,0.930727,1.0982896,2,3,0,8.3458259,0.12040186
-7.5409456,0.99378305,1.0982896,1,1,0,7.6979312,0.11802204
-7.1703667,0.94449001,1.0982896,1,3,0,8.2238135,0.37466309
-6.9495785,1,1.0982896,1,1,0,7.1380179,0.33434037
-6.8126632,1,1.0982896,1,1,0,6.9107883,0.29663158
-6.8126632,0.97405021,1.0982896,1,1,0,6.8744918,0.29663158
-6.8015982,1,1.0982896,1,1,0,6.8251926,0.29232417
-8.5947075,0.66803807,1.0982896,2,3,0,8.6592914,0.071102584
-7.998452,1,1.0982896,1,1,0,8.6006127,0.093248118
-8.2779333,0.98776809,1.0982896,2,3,0,8.435131,0.081820888
-7.0909916,0.94101607,1.0982896,1,3,0,9.0507098,0.36163956
-6.9102252,0.95666749,1.0982896,1,3,0,7.3529153,0.18367904
-8.1120155,0.81870228,1.0982896,2,3,0,8.550053,0.088342692
-6.9828033,0.98251086,1.0982896,2,3,0,8.3504864,0.17149377
-7.4278216,0.95972784,1.0982896,2,3,0,7.4698477,0.41054504
-6.8333715,0.96041349,1.0982896,2,3,0,7.7316602,0.20087146
-6.7907275,1,1.0982896,1,1,0,6.8273589,0.21470736
-6.7491855,0.9849145,1.0982896,2,3,0,6.8873785,0.24400211
-6.7481605,0.86707324,1.0982896,2,3,0,7.4300801,0.24792169
-7.4663803,0.82367826,1.0982896,1,3,0,7.5081966,0.41532576
-7.4789078,0.99493166,1.0982896,1,1,0,7.7515136,0.41685289
-6.8726259,0.97337634,1.0982896,1,3,0,7.6164263,0.19131243
-6.8726259,0.86869608,1.0982896,1,3,0,7.5409642,0.19131243
-7.7005546,0.8076916,1.0982896,1,3,0,7.9898606,0.44206973
-9.7732765,0.4240551,1.0982896,1,1,0,10.02629,0.5996674
-8.0932877,1,1.0982896,2,3,0,9.2581023,0.089125206
-7.0440169,1,1.0982896,1,3,0,7.9042095,0.16291893
-9.7282946,0.33509601,1.0982896,2,3,0,12.385124,0.59708155
-8.0122975,1,1.0982896,1,1,0,9.4070443,0.47312342
-8.0122975,0.08965282,1.0982896,1,1,0,11.946216,0.47312342
-7.5370929,1,1.0982896,2,3,0,8.0835879,0.42378921
-6.9274271,1,1.0982896,2,3,0,7.5872009,0.18053448
-6.9538087,0.94030013,1.0982896,2,3,0,7.3910301,0.33526617
-9.1237471,0.31316595,1.0982896,1,3,0,11.085596,0.056966729
-8.8517921,1,1.0982896,2,3,0,9.3456508,0.063734536
-6.9286253,0.99047733,1.0982896,1,3,0,8.7039406,0.18032224
-6.9286253,0.90522031,1.0982896,1,3,0,7.4605474,0.18032224
-6.9286253,0.47533868,1.0982896,1,3,0,9.8231897,0.18032224
-6.9053599,1,1.0982896,2,3,0,6.9602009,0.1846039
-6.9333119,0.99307287,1.0982896,1,1,0,6.9696539,0.1795001
-7.6291536,0.83610644,1.0982896,1,3,0,7.9972285,0.43428578
-8.726362,0.82678,1.0982896,2,3,0,8.9972041,0.53195908
-9.1978433,0.82291356,1.0982896,1,1,0,9.9560161,0.56456867
-7.7026138,1,1.0982896,1,1,0,8.8573011,0.44228998
-6.9690051,1,1.0982896,2,3,0,7.4525241,0.33852189
-6.8321739,0.97869348,1.0982896,1,3,0,7.1000207,0.20119883
-7.2135934,0.93482752,1.0982896,1,3,0,7.215831,0.14396092
-6.9672557,1,1.0982896,1,1,0,7.1730518,0.17388804
-6.9605903,1,1.0982896,1,1,0,7.0203727,0.17494624
-7.4070233,0.90610417,1.0982896,1,1,0,7.4082199,0.12745665
-7.3991509,1,1.0982896,1,1,0,7.5520578,0.12805467
-7.0383026,1,1.0982896,2,3,0,7.3357233,0.1636693
-6.9699409,1,1.0982896,1,1,0,7.065114,0.17346727
-7.0307597,0.96200775,1.0982896,2,3,0,7.3679989,0.35080239
-7.0307597,0.94853855,1.0982896,1,1,0,7.2032322,0.35080239
-6.7937187,1,1.0982896,2,3,0,7.0513426,0.21353821
-6.8109238,0.99523454,1.0982896,1,1,0,6.8209398,0.2075042
-6.8380222,0.99268511,1.0982896,1,1,0,6.8508722,0.19962394
-7.8023834,0.83552307,1.0982896,1,3,0,7.8763029,0.10273814
-7.2597457,1,1.0982896,2,3,0,7.7220957,0.13963605
-8.2321227,0.92520957,1.0982896,2,3,0,8.3420545,0.49275867
-6.9716513,0.96113294,1.0982896,1,3,0,8.4385148,0.17320087
-7.086163,0.99128967,1.0982896,2,3,0,7.1205539,0.15765092
-7.8897001,0.89334224,1.0982896,1,3,0,7.8907173,0.098336738
-7.5281417,1,1.0982896,2,3,0,7.9083322,0.11886891
-7.412134,0.90197847,1.0982896,2,3,0,8.5069502,0.40856371
-8.3094204,0.69102229,1.0982896,1,1,0,8.5039303,0.49930355
-8.3094204,0.45204756,1.0982896,1,1,0,9.9423673,0.49930355
-8.3094204,0.79170869,1.0982896,1,1,0,9.2168581,0.49930355
-8.3094204,0.29003549,1.0982896,1,1,0,10.562517,0.49930355
-6.752566,1,1.0982896,1,3,0,7.7866621,0.26204098
-7.1116289,0.85434296,1.0982896,2,3,0,7.5004652,0.15467106
-7.2940594,0.98754942,1.0982896,2,3,0,7.3429233,0.13659396
-6.8292006,1,1.0982896,1,3,0,7.1862285,0.20202302
-7.4417612,0.8788123,1.0982896,2,3,0,7.7826922,0.1248795
-6.8865011,1,1.0982896,1,3,0,7.3168981,0.18835693
-6.9182372,0.99734341,1.0982896,2,3,0,6.9491734,0.18219101
-7.1854974,0.97375974,1.0982896,2,3,0,7.1986802,0.37701361
-6.7689058,0.99772757,1.0982896,1,3,0,7.1496018,0.22505182
-6.8068854,0.95332618,1.0982896,2,3,0,7.0298312,0.2944299
-6.9289383,0.98541985,1.0982896,2,3,0,6.9311544,0.18026695
-7.2854246,0.9217606,1.0982896,1,1,0,7.2879648,0.1373465
-7.1134489,1,1.0982896,1,1,0,7.3006717,0.15446337
-7.5808452,0.9110681,1.0982896,1,1,0,7.5923219,0.11544963
-6.8962517,1,1.0982896,2,3,0,7.3779352,0.32178965
-6.7637846,1,1.0982896,1,1,0,6.8508773,0.27261945
-6.7879029,0.94951932,1.0982896,2,3,0,6.9613479,0.2863584
-7.145652,0.8794185,1.0982896,1,1,0,7.1459779,0.37073877
-6.9721413,1,1.0982896,1,1,0,7.1426791,0.33918088
-6.9721413,0.47017484,1.0982896,2,3,0,8.9682954,0.33918088
-6.8023774,0.98499791,1.0982896,1,3,0,7.0485463,0.21037067
-6.8401132,0.98977459,1.0982896,1,1,0,6.8492135,0.19907485
-6.8401132,0.61655027,1.0982896,1,3,0,9.1287662,0.19907485
-9.9980797,0.47756683,1.0982896,1,3,0,11.038001,0.040397619
-6.7620007,1,1.0982896,2,3,0,9.1898423,0.27127842
-6.9373222,0.95504671,1.0982896,1,3,0,6.9375175,0.33160641
-8.6937976,0.40175305,1.0982896,2,3,0,10.22985,0.06813794
-9.0345694,0.96657419,1.0982896,1,1,0,9.2460756,0.059082268
-7.3560909,0.99467441,1.0982896,1,3,0,8.8176503,0.13142323
-9.5854536,0.82421628,1.0982896,1,3,0,9.7562824,0.047381195
-8.1766382,1,1.0982896,2,3,0,9.4328646,0.085717407
-7.4658517,1,1.0982896,1,1,0,8.0813748,0.1231485
-6.8402343,1,1.0982896,1,3,0,7.3333198,0.19904326
-6.7545959,0.98733703,1.0982896,2,3,0,6.8952223,0.26451253
-7.2347273,0.81464743,1.0982896,2,3,0,7.7313592,0.14194531
-7.0639787,1,1.0982896,1,1,0,7.2403118,0.16036773
-7.0639787,0.83639554,1.0982896,1,3,0,8.279306,0.16036773
-7.0692365,0.99960691,1.0982896,2,3,0,7.1482726,0.159713
-6.8855687,1,1.0982896,1,1,0,7.0337328,0.18855
-7.7852134,0.79485535,1.0982896,2,3,0,8.5251081,0.4509423
-6.8259596,1,1.0982896,1,1,0,7.423405,0.30137135
-6.7769022,0.88625388,1.0982896,2,3,0,7.2418496,0.28081213
-11.068383,0.35794053,1.0982896,2,3,0,11.075535,0.027134992
-12.078138,0.96219143,1.0982896,1,1,0,12.222843,0.018895792
-11.866292,1,1.0982896,2,3,0,12.505326,0.020370051
-10.338389,1,1.0982896,1,1,0,11.828422,0.035521127
-6.8192937,1,1.0982896,2,3,0,9.7324287,0.20489773
-7.0068661,0.86207642,1.0982896,2,3,0,7.8081518,0.16797349
-7.053834,0.98925922,1.0982896,1,1,0,7.1095648,0.161651
-7.0209854,0.95969652,1.0982896,2,3,0,7.549671,0.16600191
-6.8253454,0.97712889,1.0982896,2,3,0,7.2346136,0.20311718
-7.0993645,0.95319738,1.0982896,1,3,0,7.0994103,0.15608859
-7.0993645,0.86815376,1.0982896,1,3,0,8.1121569,0.15608859
-6.8298411,0.9771899,1.0982896,2,3,0,7.3166708,0.20184409
-6.8350664,0.91306722,1.0982896,2,3,0,7.3498136,0.30440129
-6.9525211,0.98808689,1.0982896,2,3,0,6.9526731,0.17625462
-6.935292,0.92503412,1.0982896,2,3,0,7.5027035,0.33114576
-6.8121289,1,1.0982896,2,3,0,6.9064406,0.20711759
-6.9511011,0.95931169,1.0982896,1,3,0,7.0758084,0.33467461
-6.8606695,1,1.0982896,1,1,0,6.9472428,0.31220606
-7.6664711,0.73534979,1.0982896,1,1,0,7.6732541,0.43839038
-6.760398,1,1.0982896,1,3,0,7.3553052,0.27000112
-6.8151525,0.9810839,1.0982896,1,3,0,6.8537351,0.20616491
-6.9613805,0.98565331,1.0982896,2,3,0,6.9754822,0.33690169
-6.8966623,0.93920463,1.0982896,2,3,0,7.2751007,0.1863001
-7.6690621,0.81958635,1.0982896,1,3,0,7.9900745,0.43867237
-7.895628,0.51090483,1.0982896,1,3,0,9.824534,0.098048591
-7.4120898,1,1.0982896,2,3,0,7.8554506,0.12707458
-7.4120898,0.85846079,1.0982896,1,3,0,8.3417496,0.12707458
-6.8909496,1,1.0982896,1,3,0,7.2933791,0.18744599
-6.7634367,0.96240231,1.0982896,2,3,0,7.2184617,0.22849176
-6.7704537,0.99794988,1.0982896,1,1,0,6.7738581,0.22416705
-6.7557881,0.99459855,1.0982896,2,3,0,6.8072149,0.23464114
-7.2309127,0.87924446,1.0982896,1,3,0,7.2926559,0.38385278
-6.781329,0.99447619,1.0982896,1,3,0,7.2159847,0.21869946
-7.132755,0.90816894,1.0982896,1,3,0,7.2360642,0.36864642
-6.7480872,0.77547141,1.0982896,2,3,0,7.9937471,0.24857182
-6.7480271,1,1.0982896,2,3,0,6.7480858,0.2504084
-6.8359991,0.9576656,1.0982896,2,3,0,6.9503158,0.30470304
-9.5505694,0.47454183,1.0982896,1,3,0,9.552913,0.58661659
-7.0576204,1,1.0982896,1,1,0,8.5689441,0.35575423
-6.9350604,0.94695805,1.0982896,1,3,0,7.3647681,0.17919656
-6.9350604,0.56392646,1.0982896,1,3,0,9.2446923,0.17919656
-6.995074,0.98565825,1.0982896,1,1,0,7.0317558,0.1696721
-6.8294055,1,1.0982896,1,1,0,6.955273,0.20196569
-6.7532078,0.98826715,1.0982896,2,3,0,6.8826261,0.26287217
-8.5974308,0.68173338,1.0982896,2,3,0,8.7203225,0.071018866
-6.7621487,0.90410712,1.0982896,1,3,0,8.5948792,0.22939154
-6.7493486,0.99783417,1.0982896,2,3,0,6.775332,0.24359784
-7.20369,0.88414413,1.0982896,1,3,0,7.2430356,0.37979079
-6.7702032,1,1.0982896,1,3,0,7.0512023,0.27692285
-6.7515906,0.99062779,1.0982896,2,3,0,6.8158129,0.23953978
-6.7566458,0.99947228,1.0982896,2,3,0,6.7567346,0.26665094
-7.4603458,0.74516354,1.0982896,2,3,0,8.1768183,0.12354021
-7.3469429,0.95197749,1.0982896,2,3,0,8.2711444,0.13216115
-6.7669126,0.99040693,1.0982896,2,3,0,7.3981028,0.22624363
-6.8744448,0.98228158,1.0982896,2,3,0,6.9072983,0.31606258
-6.7936218,1,1.0982896,1,1,0,6.8537127,0.28895183
-6.7636395,0.93610488,1.0982896,2,3,0,7.0755443,0.22835375
-6.8004646,0.97663585,1.0982896,2,3,0,6.8967108,0.29186013
-6.7870489,1,1.0982896,1,1,0,6.806941,0.28595633
-6.760456,1,1.0982896,2,3,0,6.780628,0.23064169
-6.8157403,0.98361383,1.0982896,1,3,0,6.8472433,0.29776634
-6.7743186,1,1.0982896,1,1,0,6.8059726,0.2793694
-6.9012081,0.97951706,1.0982896,2,3,0,6.9120805,0.18540654
-7.1052433,0.95243505,1.0982896,1,1,0,7.1148048,0.15540514
-6.803084,0.93709947,1.0982896,2,3,0,7.8520619,0.21012473
-7.0983641,0.9212107,1.0982896,1,3,0,7.231142,0.36290382
-7.0983641,0.31406295,1.0982896,1,1,0,8.8195996,0.36290382
-6.7908126,0.98886135,1.0982896,1,3,0,7.1320285,0.21467347
-8.5868712,0.67184847,1.0982896,1,3,0,8.9935007,0.071344217
-7.6968351,1,1.0982896,1,1,0,8.4780516,0.10849025
-7.0858992,1,1.0982896,1,1,0,7.5764849,0.15768255
-7.7739829,0.94348721,1.0982896,2,3,0,7.8609429,0.44978609
-8.3595994,0.78382124,1.0982896,1,1,0,8.7172326,0.50346207
-6.749227,0.45304644,1.0982896,2,3,0,11.263348,0.24389661
-6.8284198,0.98051056,1.0982896,1,3,0,6.8343801,0.20224227
-6.7481411,0.99941823,1.0982896,1,3,0,6.8135711,0.24807171
-6.8537237,0.97295627,1.0982896,1,3,0,6.8673794,0.19566136
-6.7722593,1,1.0982896,1,1,0,6.8311165,0.22317472
-7.2863699,0.87039296,1.0982896,1,3,0,7.3866423,0.39181331
-8.3557977,0.82951674,1.0982896,2,3,0,8.4945307,0.50314942
-7.4808985,1,1.0982896,1,1,0,8.2171526,0.41709442
-6.8490937,0.98112458,1.0982896,1,3,0,7.5673618,0.19679306
-6.8653097,0.92361582,1.0982896,2,3,0,7.3325968,0.31352837
-7.1328814,0.90522866,1.0982896,1,1,0,7.1532274,0.36866709
-7.1443688,0.99554169,1.0982896,1,1,0,7.2841597,0.37053201
-6.7575242,0.88295672,1.0982896,2,3,0,7.6198643,0.2330373
-6.7678045,0.91132769,1.0982896,2,3,0,7.2089931,0.27539535
-7.7248304,0.76972361,1.0982896,1,3,0,7.7329725,0.44465172
-8.113396,0.95037606,1.0982896,2,3,0,8.4633791,0.48235329
-11.149603,0.29162466,1.0982896,1,1,0,11.500668,0.66868963
-6.8068628,1,1.0982896,1,3,0,10.03945,0.20883778
-6.8699029,0.97682391,1.0982896,2,3,0,6.9851462,0.31481358
-6.8699029,0.56208473,1.0982896,1,3,0,9.0656304,0.31481358
-6.7686649,1,1.0982896,2,3,0,6.8671823,0.22519261
-6.7686649,0.73905057,1.0982896,1,3,0,7.9896086,0.22519261
-6.8646003,0.98055103,1.0982896,1,3,0,6.8646171,0.1931093
-6.8672676,0.97229715,1.0982896,2,3,0,7.135399,0.19250445
-6.8672676,0.58350616,1.0982896,1,3,0,9.495466,0.19250445
-8.0490953,0.81007414,1.0982896,1,3,0,8.1509414,0.091012301
-9.3216196,0.86193997,1.0982896,1,1,0,9.325942,0.052595853
-9.9630951,0.95296168,1.0982896,1,1,0,10.133343,0.040940983
-8.8523873,1,1.0982896,1,1,0,9.9166785,0.063718651
-8.7610194,1,1.0982896,1,1,0,9.1462355,0.066217997
-9.8162556,0.91057893,1.0982896,1,1,0,9.8686274,0.043315721
-9.1930271,1,1.0982896,1,1,0,9.9343436,0.055387529
-6.8225711,0.89862585,1.0982896,1,3,0,9.2048667,0.20392347
-6.7733173,1,1.0982896,2,3,0,6.8103018,0.22261136
-6.8537873,0.92678679,1.0982896,2,3,0,7.2216198,0.19564602
-6.9895725,0.95882234,1.0982896,1,3,0,7.1739599,0.34276887
-7.339916,0.87305252,1.0982896,1,1,0,7.3988127,0.3991463
-6.7540122,1,1.0982896,1,3,0,7.1493012,0.2638456
-6.7491599,1,1.0982896,1,1,0,6.7524846,0.25599513
-7.2635602,0.86987005,1.0982896,1,3,0,7.2840218,0.38858731
-7.688274,0.8422567,1.0982896,1,1,0,7.8480984,0.44075146
-10.290973,0.342122,1.0982896,1,1,0,10.516098,0.627772
-7.0401101,1,1.0982896,1,1,0,8.9894131,0.35254968
-6.8899275,1,1.0982896,1,1,0,7.0192811,0.32017138
-6.8899275,0.46075018,1.0982896,1,1,0,8.085292,0.32017138
-6.7934036,1,1.0982896,1,1,0,6.8626929,0.28885582
-6.7648341,1,1.0982896,1,1,0,6.7863278,0.27337422
-6.7648341,0.53264913,1.0982896,1,3,0,9.2371414,0.27337422
-7.3436347,0.85432765,1.0982896,1,3,0,7.348161,0.39964388
-7.6568519,0.88065061,1.0982896,1,1,0,7.8557729,0.43734012
-6.8512255,1,1.0982896,1,1,0,7.3556173,0.30943417
-6.8512255,0.71019285,1.0982896,1,1,0,7.4107219,0.30943417
-6.7975995,1,1.0982896,1,1,0,6.8431532,0.29066567
-6.7975995,0.89242602,1.0982896,1,1,0,7.0010612,0.29066567
-6.7997556,0.87944589,1.0982896,2,3,0,7.2476406,0.29156745
-7.0149959,0.92577085,1.0982896,1,1,0,7.0190883,0.3477955
-6.9278348,0.94889231,1.0982896,1,3,0,7.3101395,0.18046217
-6.7548953,1,1.0982896,2,3,0,6.9095638,0.26484334
-6.7483271,0.98037903,1.0982896,2,3,0,6.8427639,0.25309773
-6.7483271,0.58537302,1.0982896,1,3,0,8.1223494,0.25309773
-6.8599823,0.97003027,1.0982896,1,3,0,6.8814445,0.19417552
-7.1718963,0.9268518,1.0982896,1,1,0,7.1720696,0.14812905
-7.6700019,0.95046431,1.0982896,2,3,0,7.6766217,0.43877456
-6.9795317,1,1.0982896,1,1,0,7.4412583,0.34071719
-6.7480388,1,1.0982896,1,3,0,6.9196705,0.25073115
-7.5804646,0.80149473,1.0982896,1,3,0,7.7980697,0.11547371
-7.2607722,1,1.0982896,1,1,0,7.5690219,0.139543
-7.6376791,0.93239376,1.0982896,1,1,0,7.6769411,0.11194849
-6.9949272,1,1.0982896,2,3,0,7.4355159,0.34384703
-7.6385897,0.6782184,1.0982896,2,3,0,8.4739495,0.11189386
-6.7789414,0.98097788,1.0982896,2,3,0,7.7321366,0.2819078
-6.9800596,0.93166727,1.0982896,1,3,0,7.1073583,0.17190907
-6.9151866,1,1.0982896,1,1,0,6.9954493,0.1827526
-6.9482683,0.89641733,1.0982896,2,3,0,7.9372156,0.17695678
-6.7869367,0.94991,1.0982896,2,3,0,7.459868,0.21625433
-6.7578473,1,1.0982896,2,3,0,6.7796415,0.26778953
-6.7578473,0.23842028,1.0982896,1,3,0,10.524732,0.26778953
-6.8660202,0.97245903,1.0982896,1,3,0,6.8661162,0.31372867
-6.7494287,0.94647692,1.0982896,2,3,0,7.0714686,0.25666957
-6.9341506,0.915661,1.0982896,2,3,0,7.1690219,0.17935429
-7.0724064,0.98929541,1.0982896,2,3,0,7.0954682,0.15932159
-7.0174241,1,1.0982896,1,1,0,7.1161129,0.16649307
-6.8379549,1,1.0982896,1,1,0,6.9748232,0.19964174
-6.7898524,1,1.0982896,2,3,0,6.823121,0.28726113
-7.2312202,0.85899048,1.0982896,1,3,0,7.4818163,0.14227556
-7.5191377,0.98212913,1.0982896,2,3,0,7.5687108,0.11947092
-6.7934779,1,1.0982896,1,3,0,7.3913193,0.21363076
-6.7500459,1,1.0982896,2,3,0,6.7917984,0.25800896
-6.768114,0.99662797,1.0982896,2,3,0,6.7718964,0.22551777
-6.8310336,0.93853146,1.0982896,2,3,0,7.1346286,0.20151296
-8.9722013,0.63899726,1.0982896,1,3,0,9.4528633,0.060620168
-8.1863378,1,1.0982896,1,1,0,8.9441853,0.085333048
-7.8562661,1,1.0982896,1,1,0,8.2662573,0.099986694
-6.9807536,1,1.0982896,1,3,0,7.6853799,0.17180375
-7.4783895,0.87738727,1.0982896,1,3,0,7.8939048,0.41678995
-7.0412277,1,1.0982896,2,3,0,7.3646062,0.16328403
-7.9622272,0.80097288,1.0982896,1,3,0,8.5063857,0.4684146
-6.9832521,0.98973538,1.0982896,2,3,0,8.3094774,0.17142613
-6.9345179,0.91878362,1.0982896,2,3,0,7.5815756,0.33096951
-6.802876,1,1.0982896,1,1,0,6.8953793,0.29284174
-6.7483487,0.99364048,1.0982896,2,3,0,6.8353861,0.24681281
-7.229907,0.90474934,1.0982896,2,3,0,7.3677576,0.14239964
-7.3348869,0.97937072,1.0982896,1,1,0,7.4224854,0.13314621
-7.2219297,1,1.0982896,1,1,0,7.3965555,0.14315849
-6.7757341,0.96237985,1.0982896,1,3,0,7.2743509,0.28016785
-6.7748478,1,1.0982896,1,1,0,6.7841107,0.27967023
-6.9177675,0.95147995,1.0982896,1,1,0,6.9187281,0.32706966
-6.7901684,1,1.0982896,1,1,0,6.8773199,0.28740561
-6.7897626,0.90808796,1.0982896,2,3,0,7.131641,0.28722003
-6.7858381,1,1.0982896,2,3,0,6.8003612,0.28537903
-6.7734326,1,1.0982896,1,1,0,6.7882807,0.27885911
-6.9102433,0.95267814,1.0982896,1,3,0,7.0022861,0.18367563
-10.518999,0.44807597,1.0982896,2,3,0,11.719205,0.033206049
-9.3728297,1,1.0982896,1,1,0,10.502465,0.051531841
-10.839746,0.968497,1.0982896,2,3,0,10.861444,0.029498314
-9.414389,1,1.0982896,1,1,0,10.771307,0.05068738
-8.6796161,1,1.0982896,1,1,0,9.4513096,0.068552183
-9.1369667,0.9853103,1.0982896,2,3,0,9.3127761,0.056661158
-7.9078149,1,1.0982896,1,1,0,8.9868777,0.09746025
-7.1180885,0.94706535,1.0982896,1,3,0,8.6115761,0.36622747
-6.754776,0.88282794,1.0982896,2,3,0,7.5871017,0.23566275
-7.0019373,0.93445509,1.0982896,1,3,0,7.0448673,0.34524241
-7.6290198,0.78154667,1.0982896,1,1,0,7.6806394,0.43427092
-7.3631216,0.82336234,1.0982896,2,3,0,8.7249551,0.13086156
-6.8314199,1,1.0982896,1,3,0,7.2445486,0.20140626
-8.3555449,0.68202425,1.0982896,1,3,0,8.6222996,0.50312861
-8.3590368,0.99854374,1.0982896,1,1,0,9.0005572,0.50341583
-7.2875619,0.82330575,1.0982896,1,3,0,9.244984,0.13715944
-6.7562114,1,1.0982896,2,3,0,7.2103315,0.26622045
-6.8334493,0.97561165,1.0982896,1,3,0,6.8704754,0.20085027
-8.3501844,0.74178092,1.0982896,1,3,0,8.5766852,0.079191615
-6.80448,0.96775825,1.0982896,2,3,0,8.6409791,0.29348347
-6.8204293,0.84441399,1.0982896,2,3,0,7.4846506,0.2045574
-7.1893461,0.93491399,1.0982896,1,3,0,7.1925146,0.14635229
-8.9903378,0.68548142,1.0982896,1,3,0,9.8235817,0.55070428
-8.9903378,0.12278806,1.0982896,1,1,0,13.006284,0.55070428
-7.0936287,1,1.0982896,2,3,0,8.2696833,0.36209319
-6.8203781,1,1.0982896,2,3,0,7.0918489,0.20457269
-6.7598406,0.9694397,1.0982896,2,3,0,7.039456,0.23111798
-7.2600541,0.89080374,1.0982896,1,3,0,7.3152948,0.13960808
-7.4082987,0.97171801,1.0982896,1,1,0,7.4910762,0.12736027
-8.1906661,0.87964728,1.0982896,1,1,0,8.1997756,0.085162325
-7.0503054,1,1.0982896,1,3,0,7.9943045,0.16210371
-7.0841263,0.99243844,1.0982896,1,1,0,7.1526767,0.15789547
-6.8837759,1,1.0982896,1,1,0,7.0429351,0.1889234
-6.8212134,1,1.0982896,1,1,0,6.8773892,0.20432414
-6.7486663,0.98599396,1.0982896,2,3,0,6.9022796,0.25450581
-6.8018699,0.98608191,1.0982896,1,3,0,6.8040671,0.29243473
-6.9073806,0.96331903,1.0982896,1,1,0,6.916054,0.32456183
-6.9717786,0.80917295,1.0982896,2,3,0,7.7233004,0.17318109
-6.8071807,1,1.0982896,2,3,0,6.9291575,0.20873159
-7.2405401,0.90886727,1.0982896,2,3,0,7.5083205,0.3852639
-6.7609769,1,1.0982896,1,3,0,7.1687781,0.23024803
-6.7543309,0.99535678,1.0982896,2,3,0,6.7885521,0.23613696
-6.9626995,0.95207583,1.0982896,1,3,0,6.9773306,0.17460922
-6.8712769,1,1.0982896,1,1,0,6.9568897,0.19160972
-9.3086588,0.25195402,1.0982896,2,3,0,12.456108,0.57169071
-6.7732601,1,1.0982896,1,3,0,8.6564885,0.2226415
-6.748265,0.99807495,1.0982896,2,3,0,6.7839307,0.24724984
-7.0861161,0.91635217,1.0982896,1,3,0,7.1441343,0.15765655
-6.9322569,1,1.0982896,1,1,0,7.0703643,0.17968408
-6.8875608,1,1.0982896,1,1,0,6.9496556,0.18813841
-6.8890519,0.92150457,1.0982896,2,3,0,7.4109434,0.31994474
-7.468178,0.8015785,1.0982896,1,1,0,7.4857382,0.41554568
-6.9424779,0.94419746,1.0982896,1,3,0,7.7512002,0.17792744
-6.9424779,0.91121802,1.0982896,1,1,0,7.2646122,0.17792744
-7.0973,0.98814843,1.0982896,2,3,0,7.1195647,0.15633036
-7.0628546,1,1.0982896,1,1,0,7.1607861,0.16050862
-6.9597692,1,1.0982896,1,1,0,7.0727145,0.17507797
-7.2034935,0.94614901,1.0982896,1,1,0,7.2177626,0.14494643
-6.7622562,1,1.0982896,2,3,0,7.1315098,0.27147537
-6.9307795,0.93409735,1.0982896,2,3,0,7.0782301,0.17994278
-6.7594631,0.98767496,1.0982896,1,3,0,6.9446391,0.26921871
-6.7623891,0.99903688,1.0982896,1,1,0,6.7656333,0.27157713
-6.824505,0.97921738,1.0982896,1,1,0,6.8251298,0.30087237
-7.0148681,0.9332615,1.0982896,1,1,0,7.0261693,0.34777079
-7.0148681,0.85670726,1.0982896,1,1,0,7.3221608,0.34777079
-6.7480299,0.86275117,1.0982896,2,3,0,7.5287096,0.2505052
-6.7512407,0.99557018,1.0982896,2,3,0,6.7686644,0.26011785
-6.7482426,0.99999486,1.0982896,2,3,0,6.7513624,0.24737909
-6.7482426,0.67457231,1.0982896,1,3,0,8.2645447,0.24737909
-9.2547865,0.5065331,1.0982896,1,3,0,10.333676,0.054024802
-8.0872447,1,1.0982896,1,1,0,9.1310613,0.089379858
-9.443408,0.85656273,1.0982896,1,1,0,9.4453485,0.050107577
-9.5851665,0.98908094,1.0982896,1,1,0,9.9281142,0.047386525
-6.7741684,0.93412366,1.0982896,2,3,0,10.904555,0.22216711
-8.658842,0.71940107,1.0982896,2,3,0,8.8965352,0.069164946
-10.05166,0.88242749,1.0982896,1,1,0,10.063162,0.039581441
-8.0293886,0.92049167,1.0982896,1,3,0,9.8564677,0.091872781
-7.9053149,1,1.0982896,2,3,0,8.2028884,0.097580502
-7.1226412,0.98388058,1.0982896,1,3,0,7.7549151,0.15342471
-7.9441164,0.93726167,1.0982896,2,3,0,8.0745442,0.46668756
-6.881648,0.98745327,1.0982896,1,3,0,8.005157,0.18937032
-6.8252942,1,1.0982896,1,1,0,6.8786826,0.2031319
-6.8015536,1,1.0982896,1,1,0,6.8297769,0.21065965
-6.8411864,0.93999271,1.0982896,2,3,0,7.1630934,0.30635483
-7.012179,0.93947864,1.0982896,1,1,0,7.0294492,0.34724971
-7.1895479,0.9339758,1.0982896,1,1,0,7.2675313,0.37763647
-7.3465813,0.97987948,1.0982896,2,3,0,7.49518,0.40003713
-6.7532438,1,1.0982896,1,3,0,7.2185955,0.23737285
-6.7481784,0.99982885,1.0982896,1,3,0,6.7529549,0.25221674
-6.7480392,0.99996095,1.0982896,2,3,0,6.7483895,0.2507392
-6.9115095,0.95746454,1.0982896,1,3,0,6.9394397,0.18343764
-6.7951135,1,1.0982896,1,1,0,6.8813762,0.21300722
-7.0377393,0.9341194,1.0982896,1,3,0,7.1517276,0.35210911
-7.0377393,0.36079605,1.0982896,1,1,0,8.5614511,0.35210911
-7.4157743,0.34361152,1.0982896,2,3,0,11.762282,0.40902541
-7.1821598,1,1.0982896,1,1,0,7.4627299,0.37649838
-7.9600368,0.7300703,1.0982896,1,1,0,8.0710333,0.46820641
-7.9600368,0.42390802,1.0982896,1,1,0,9.5308223,0.46820641
-6.7486931,1,1.0982896,1,3,0,7.5806254,0.2545989
-6.7891447,0.80154963,1.0982896,2,3,0,7.7497846,0.2153439
-7.3177954,0.75187788,1.0982896,2,3,0,8.4490527,0.13456798
-6.7486942,0.99760692,1.0982896,2,3,0,7.2952677,0.24543451
-6.7493357,0.89047888,1.0982896,2,3,0,7.292037,0.25644409
-8.5261532,0.61381347,1.0982896,1,3,0,9.226832,0.073253866
-7.7730586,1,1.0982896,2,3,0,8.4590711,0.10428616
-7.2673114,1,1.0982896,1,1,0,7.7041176,0.13895326
-6.7509915,0.98806211,1.0982896,1,3,0,7.198436,0.24044999
-7.2104764,0.88291559,1.0982896,1,3,0,7.2569164,0.38081365
-6.8406037,1,1.0982896,2,3,0,7.232945,0.19894708
-7.8069021,0.83608729,1.0982896,1,3,0,7.8795528,0.10250285
-9.4139559,0.84013616,1.0982896,2,3,0,10.306728,0.050696094
-7.1677377,0.99462587,1.0982896,2,3,0,9.4954557,0.14855975
-6.7557044,1,1.0982896,2,3,0,7.1139293,0.26570367
-6.7491984,1,1.0982896,1,1,0,6.753624,0.25609627
-7.9181416,0.72574852,1.0982896,1,3,0,8.3025377,0.096965938
-8.3064116,0.94855528,1.0982896,1,1,0,8.4257952,0.08077028
-9.1209042,0.91486999,1.0982896,1,1,0,9.1868019,0.057032708
-9.1056003,1,1.0982896,2,3,0,9.4848908,0.057389513
-8.5530732,0.9647832,1.0982896,2,3,0,10.427211,0.072398924
-9.3102868,0.92739907,1.0982896,1,1,0,9.403691,0.052834899
-7.454536,0.99047335,1.0982896,1,3,0,9.0960838,0.12395604
-7.3258842,1,1.0982896,1,1,0,7.5296185,0.13389135
-7.488874,0.97007249,1.0982896,1,1,0,7.5796985,0.12153485
-6.9666772,0.91180178,1.0982896,2,3,0,8.3125127,0.33802998
-6.750459,0.85341479,1.0982896,2,3,0,7.5066971,0.25879419
-6.7481935,0.99576727,1.0982896,2,3,0,6.7699489,0.25232164
-6.7586269,0.99363548,1.0982896,2,3,0,6.7783573,0.23209657
-6.7480248,0.99991898,1.0982896,1,3,0,6.7567451,0.25031012
-6.7704067,0.81873575,1.0982896,2,3,0,7.6740708,0.22419346
-6.7704067,0.74669415,1.0982896,1,3,0,7.9507916,0.22419346
-7.0785063,0.93563102,1.0982896,1,3,0,7.0919271,0.15857526
-7.0614828,1,1.0982896,2,3,0,7.1500285,0.16068097
-7.1643971,0.97773103,1.0982896,1,1,0,7.2194416,0.14890781
-7.4543609,0.94407103,1.0982896,1,1,0,7.4934674,0.12396861
-7.5330273,0.89165783,1.0982896,1,3,0,8.5569454,0.42331258
-6.9340455,1,1.0982896,2,3,0,7.331492,0.33086181
-6.8767623,1,1.0982896,1,1,0,6.9509794,0.31669185
-6.8000604,1,1.0982896,2,3,0,6.859575,0.29169352
-6.9252628,0.68511753,1.0982896,2,3,0,8.1790357,0.32883567
-6.7493102,0.90398567,1.0982896,2,3,0,7.2819919,0.25638091
-6.8582953,0.96977273,1.0982896,1,3,0,6.8844582,0.19457128
-6.7499498,0.97509618,1.0982896,2,3,0,7.0449761,0.24229193
-6.7483057,1,1.0982896,1,1,0,6.7494415,0.24702908
-7.2174592,0.88063531,1.0982896,1,3,0,7.2507864,0.38185891
-6.9288109,1,1.0982896,2,3,0,7.1445724,0.18028945
-7.0282284,0.97649826,1.0982896,1,1,0,7.0563035,0.16501527
-6.7503917,0.98754495,1.0982896,1,3,0,7.0119452,0.25867096
-7.2778768,0.86674483,1.0982896,1,3,0,7.2951535,0.39061965
-6.7480235,1,1.0982896,1,3,0,7.1327614,0.24976694
-7.5913864,0.80020855,1.0982896,1,3,0,7.8083851,0.11478622
-6.7742829,0.99027862,1.0982896,1,3,0,7.4739818,0.22210794
-7.0166107,0.95037901,1.0982896,1,3,0,7.0220783,0.16660582
-6.7710373,0.94849549,1.0982896,2,3,0,7.5154472,0.22384184
-7.2716698,0.79882693,1.0982896,2,3,0,7.9169262,0.38974168
-6.945538,1,1.0982896,2,3,0,7.19117,0.33344774
-6.755525,0.99793276,1.0982896,1,3,0,6.9277379,0.23489982
-6.7536694,1,1.0982896,1,1,0,6.7563657,0.23687461
-6.7481628,1,1.0982896,1,3,0,6.7522044,0.24790448
-6.8392588,0.9755761,1.0982896,1,3,0,6.8489037,0.30574617
-6.977239,0.95109525,1.0982896,1,1,0,6.9957259,0.34024303
-7.6446085,0.76995887,1.0982896,1,1,0,7.6866212,0.43599561
-6.8680364,1,1.0982896,2,3,0,7.3565529,0.31429408
-7.2525935,0.86554343,1.0982896,1,1,0,7.2695159,0.38701279
-6.7889858,1,1.0982896,1,1,0,7.0848815,0.28686238
-7.076969,0.90212102,1.0982896,1,1,0,7.077934,0.35920003
-7.9801492,0.85455686,1.0982896,2,3,0,8.0484879,0.47011103
-6.7942016,1,1.0982896,1,3,0,7.5389865,0.28920592
-7.9194439,0.733097,1.0982896,1,3,0,7.9209312,0.46431373
-6.7862545,1,1.0982896,1,3,0,7.5023802,0.28557856
-6.7644771,1,1.0982896,2,3,0,6.7797469,0.22779332
-6.8218753,0.98373302,1.0982896,1,1,0,6.8220339,0.20412829
-6.8981353,0.99192778,1.0982896,2,3,0,6.8984192,0.32226542
-7.1696941,0.90280379,1.0982896,1,1,0,7.2005177,0.37455771
-6.9257712,1,1.0982896,2,3,0,7.1004657,0.18082918
-6.8000486,1,1.0982896,1,1,0,6.8935362,0.21119387
-6.8335563,0.9908757,1.0982896,1,1,0,6.8426815,0.20082115
-6.8092168,1,1.0982896,1,1,0,6.8398156,0.20805879
-6.9988048,0.95173424,1.0982896,1,1,0,6.9990036,0.16912935
-6.7544673,0.96532946,1.0982896,2,3,0,7.1568598,0.26436811
-7.6871129,0.78985204,1.0982896,2,3,0,8.0176239,0.10904633
-6.7671542,0.89477687,1.0982896,2,3,0,8.1455301,0.2749661
-6.9030936,0.95425238,1.0982896,1,1,0,6.9032589,0.32350487
-6.8811733,1,1.0982896,1,1,0,6.938445,0.31787525
-6.7665994,1,1.0982896,2,3,0,6.8421637,0.27459433
-6.8230322,0.98100896,1.0982896,1,1,0,6.8246392,0.30036256
-7.8108835,0.83705519,1.0982896,2,3,0,7.8112569,0.45356238
-7.2662925,1,1.0982896,1,1,0,7.7442596,0.38897717
-7.050723,1,1.0982896,1,1,0,7.2723174,0.35450211
-6.8026803,1,1.0982896,1,1,0,6.965336,0.29276287
-6.9907493,0.9721577,1.0982896,2,3,0,6.9992677,0.17030762
-6.9907493,0.91063524,1.0982896,1,3,0,7.498245,0.17030762
-7.1912257,0.95606539,1.0982896,1,1,0,7.2157274,0.14616375
-7.2840329,0.99376679,1.0982896,2,3,0,7.3672141,0.13746859
-7.0929465,1,1.0982896,1,1,0,7.2877355,0.15684328
-8.5366905,0.84217225,1.0982896,1,3,0,8.6019722,0.07291762
-9.4256521,0.91599969,1.0982896,1,1,0,9.4931976,0.05046139
-7.6844814,0.95084158,1.0982896,1,3,0,9.2168309,0.10919766
-7.5564044,1,1.0982896,1,1,0,7.8012041,0.11701362
-8.3780525,0.88278224,1.0982896,1,1,0,8.3926985,0.078208651
-8.9866255,0.93593451,1.0982896,1,1,0,9.0989208,0.060260077
-8.8868378,1,1.0982896,1,1,0,9.2891353,0.062807598
-8.0953552,1,1.0982896,1,1,0,8.8472945,0.089038324
-7.2141972,0.97614379,1.0982896,1,3,0,7.9362272,0.14390247
-7.7794515,0.88751978,1.0982896,2,3,0,8.5047163,0.10394553
-8.0567318,0.96000698,1.0982896,1,1,0,8.1869839,0.090682049
-7.9659293,1,1.0982896,1,1,0,8.2543197,0.094727363
-7.1894458,0.80618727,1.0982896,2,3,0,10.690712,0.14634227
-6.8289133,0.92928211,1.0982896,2,3,0,8.1333145,0.20210355
-6.8253191,1,1.0982896,1,1,0,6.8491423,0.20312474
-6.8492317,0.92610145,1.0982896,2,3,0,7.2764364,0.30883412
-9.0642588,0.58722207,1.0982896,2,3,0,9.09723,0.058367291
-10.787067,0.87900859,1.0982896,1,1,0,10.788624,0.03007439
-11.763335,0.95952383,1.0982896,1,1,0,11.908559,0.021130433
-8.1810126,0.99896567,1.0982896,2,3,0,11.952262,0.085543762
-7.5956467,1,1.0982896,1,1,0,8.1370849,0.11451996
-6.9697385,0.91206647,1.0982896,2,3,0,9.5369254,0.17349887
-6.9823015,0.99701007,1.0982896,1,1,0,7.0377219,0.17156951
-7.9172242,0.87980731,1.0982896,1,3,0,7.9362558,0.097009698
-7.3947316,1,1.0982896,1,1,0,7.8627029,0.12839272
-7.7692994,0.93710575,1.0982896,1,1,0,7.8267049,0.10448729
-7.6936118,0.87158517,1.0982896,1,3,0,9.1513362,0.44132547
-10.534745,0.31094407,1.0982896,1,1,0,10.751329,0.64005035
-8.3829254,1,1.0982896,1,1,0,10.16102,0.50537201
-6.7880741,1,1.0982896,1,3,0,7.7898325,0.2864385
-9.9241345,0.43342856,1.0982896,1,3,0,9.946134,0.60816374
-6.9137884,1,1.0982896,1,3,0,9.5472709,0.18301202
-6.9137884,0.97561219,1.0982896,1,1,0,7.0156999,0.18301202
-6.7875889,1,1.0982896,1,1,0,6.8798369,0.21598258
-7.0783137,0.94337727,1.0982896,1,3,0,7.0832712,0.15859868
-6.7598946,1,1.0982896,1,3,0,7.0119323,0.23107567
-6.785821,0.96474553,1.0982896,2,3,0,6.9601289,0.21672497
-6.9071481,0.95878285,1.0982896,2,3,0,7.0819589,0.18426205
-7.5946338,0.89901768,1.0982896,1,3,0,7.6045174,0.11458317
-7.6002219,0.99968508,1.0982896,2,3,0,7.7820629,0.1142352
-9.358064,0.8252975,1.0982896,1,3,0,9.3927939,0.051835945
-6.9136043,0.93744496,1.0982896,1,3,0,9.3130106,0.18304628
-6.7480218,0.99662227,1.0982896,1,3,0,6.8897466,0.24996338
-7.3861216,0.75075968,1.0982896,2,3,0,8.1886596,0.12905626
-8.5772584,0.85541627,1.0982896,1,3,0,8.5801662,0.071642111
-6.9176804,0.99362212,1.0982896,2,3,0,8.6035002,0.18229308
-7.2134043,0.93358494,1.0982896,1,1,0,7.2180951,0.14397924
-7.4734141,0.98358825,1.0982896,2,3,0,7.5251887,0.12261416
-8.6739987,0.90747882,1.0982896,2,3,0,8.7588363,0.52807731
-7.0026451,0.97668146,1.0982896,1,3,0,8.8562575,0.16857588
-6.9572748,1,1.0982896,1,1,0,7.0366868,0.17548012
-6.8378179,1,1.0982896,2,3,0,6.9204095,0.30528725
-6.9053589,0.97601515,1.0982896,1,1,0,6.9284187,0.32406503
-7.8126289,0.70323945,1.0982896,1,1,0,7.8279738,0.4537394
-7.1719469,1,1.0982896,2,3,0,7.6525151,0.14812383
-6.7749126,0.95230885,1.0982896,2,3,0,7.3317931,0.2797069
-6.7789221,0.99864921,1.0982896,1,1,0,6.7871433,0.28189759
-6.7685737,0.8888622,1.0982896,2,3,0,7.2690781,0.22524613
-7.5312003,0.86125966,1.0982896,2,3,0,7.7737621,0.11866564
-7.8178434,0.86014054,1.0982896,1,3,0,8.9848366,0.45426741
-7.8178434,0.68162494,1.0982896,1,3,0,8.9264203,0.45426741
-6.7587412,1,1.0982896,1,3,0,7.4551892,0.26859314
-6.7692922,0.99651814,1.0982896,1,1,0,6.7714357,0.27635258
-6.7574713,1,1.0982896,1,1,0,6.7670502,0.26744083
-7.5144818,0.85922559,1.0982896,2,3,0,7.6198779,0.11978435
-7.1839697,1,1.0982896,2,3,0,7.4857711,0.14689457
-9.9184644,0.69847329,1.0982896,1,3,0,10.335355,0.041646445
-7.9660384,0.92500283,1.0982896,1,3,0,9.7199751,0.094722342
-7.201045,1,1.0982896,2,3,0,7.8265936,0.1451876
-7.2166872,0.99677832,1.0982896,1,1,0,7.3222129,0.14366198
-6.8809826,1,1.0982896,1,1,0,7.137174,0.18951092
-7.1307388,0.92706874,1.0982896,2,3,0,7.501434,0.15252356
-6.922165,1,1.0982896,1,1,0,7.0940347,0.18147666
-7.019247,0.97691898,1.0982896,1,1,0,7.0463038,0.16624117
-6.8451792,1,1.0982896,1,1,0,6.979478,0.19777298
-7.0471888,0.98353677,1.0982896,2,3,0,7.0496849,0.16250637
-6.9860193,0.90018995,1.0982896,2,3,0,8.3839769,0.17101076
-7.6373081,0.95045313,1.0982896,2,3,0,7.7871972,0.43518971
-7.6373081,0.30785044,1.0982896,1,1,0,9.5199278,0.43518971
-6.8405955,1,1.0982896,1,1,0,7.3391871,0.30616886
-7.8805078,0.82951926,1.0982896,2,3,0,7.882174,0.46051653
-6.9854767,1,1.0982896,2,3,0,8.1042472,0.17109197
-7.1674868,0.94051079,1.0982896,1,3,0,7.545923,0.37421134
-7.0684397,0.88628013,1.0982896,1,3,0,7.7089437,0.15981177
-6.8443991,0.97901794,1.0982896,2,3,0,7.2306032,0.30735637
-6.9494868,0.96260033,1.0982896,1,1,0,6.9718426,0.33432021
-6.7490293,1,1.0982896,1,3,0,6.8919844,0.25563917
-6.819505,0.96438044,1.0982896,2,3,0,6.9204375,0.20483417
-6.9091802,0.9766834,1.0982896,1,1,0,6.9159539,0.1838763
-7.0114921,0.97548776,1.0982896,1,1,0,7.0349625,0.16732029
-7.4918532,0.90305192,1.0982896,1,1,0,7.4945172,0.12132884
-7.6462776,0.97379369,1.0982896,1,1,0,7.7668937,0.11143447
-7.9812023,0.94947293,1.0982896,1,1,0,8.0799598,0.094028348
-7.0348379,1,1.0982896,1,3,0,7.8024612,0.16412882
-6.8598989,1,1.0982896,1,1,0,6.9973828,0.19419501
-6.9771715,0.98761095,1.0982896,2,3,0,6.9777429,0.34022904
-7.607773,0.89905137,1.0982896,2,3,0,7.6509355,0.43189652
-8.1992565,0.78276427,1.0982896,1,1,0,8.488393,0.48992241
-7.314709,0.79790461,1.0982896,1,3,0,9.1625204,0.13482797
-7.1262426,1,1.0982896,1,1,0,7.3261059,0.15302236
-6.9703342,1,1.0982896,1,1,0,7.1178208,0.1734059
-7.0764129,0.97569904,1.0982896,1,1,0,7.1120401,0.15883037
-6.7487326,0.99518312,1.0982896,2,3,0,7.0909614,0.24530658
-6.7487326,0.76772617,1.0982896,1,3,0,7.7258574,0.24530658
-7.8191203,0.75868503,1.0982896,1,3,0,8.0991004,0.10187088
-6.7783595,0.97954593,1.0982896,1,3,0,7.6973136,0.220084
-6.7488321,1,1.0982896,1,3,0,6.7708081,0.24499045
-6.7657981,0.97292263,1.0982896,2,3,0,6.8796423,0.27404776
-6.7563782,1,1.0982896,1,1,0,6.7642439,0.26638706
-6.7817272,0.99163933,1.0982896,1,1,0,6.7823452,0.28335037
-6.9131919,0.97989468,1.0982896,2,3,0,6.9217438,0.18312309
-7.0257137,0.9732225,1.0982896,1,1,0,7.0484408,0.16535599
-7.3838938,0.9263879,1.0982896,1,1,0,7.3956431,0.12922902
-7.1938737,1,1.0982896,1,1,0,7.4080572,0.14589907
-6.7541123,1,1.0982896,2,3,0,7.1393778,0.2639622
-6.8410546,0.98304759,1.0982896,2,3,0,6.8592554,0.19882995
-7.1851977,0.9430025,1.0982896,1,3,0,7.1856272,0.14677032
-6.9173236,1,1.0982896,1,1,0,7.1291605,0.18235857
-7.0021027,0.97967694,1.0982896,1,1,0,7.0302063,0.16865373
-7.2377167,0.94926204,1.0982896,1,1,0,7.2594115,0.14166511
-9.151042,0.8302646,1.0982896,1,3,0,9.2742159,0.056338026
-9.270154,0.98971167,1.0982896,1,1,0,9.5985354,0.053692097
-8.0811027,1,1.0982896,1,1,0,9.1421319,0.089639769
-6.8717731,1,1.0982896,1,3,0,7.9063876,0.19150015
-7.6679569,0.81382914,1.0982896,1,3,0,7.9534599,0.43855212
-6.8357581,1,1.0982896,1,1,0,7.3557114,0.30462523
-7.0343279,0.93004857,1.0982896,1,1,0,7.0485948,0.35147225
-6.7547731,0.74915396,1.0982896,2,3,0,7.999158,0.26470912
-7.0730878,0.91792327,1.0982896,1,3,0,7.0784846,0.35851644
-7.0730878,0.53517637,1.0982896,1,1,0,8.0455316,0.35851644
-6.7482834,0.83604401,1.0982896,2,3,0,7.6925803,0.24714789
-6.9739282,0.87447031,1.0982896,2,3,0,7.3486905,0.33955444
-7.1411509,0.9794042,1.0982896,2,3,0,7.2054884,0.37001213
-7.1411509,0.9050393,1.0982896,1,1,0,7.4158879,0.37001213
-6.9246259,0.95120968,1.0982896,1,3,0,7.4258953,0.18103396
-7.1191863,0.93331371,1.0982896,2,3,0,7.5381357,0.1538131
-6.7525653,0.99620172,1.0982896,1,3,0,7.0567572,0.23821228
-6.8259325,0.98196931,1.0982896,2,3,0,6.8647931,0.3013621
-6.8259325,0.69133443,1.0982896,1,3,0,8.1324439,0.3013621
-7.0145499,0.97526559,1.0982896,2,3,0,7.0185343,0.16689245
-7.2413924,0.95141467,1.0982896,1,1,0,7.2662485,0.14132219
-6.881967,1,1.0982896,1,1,0,7.1562074,0.18930306
-7.2321144,0.90777771,1.0982896,1,3,0,7.4888614,0.38402962
-6.7615218,1,1.0982896,1,3,0,7.1641522,0.22984493
-6.748076,0.99449076,1.0982896,2,3,0,6.7927368,0.24869943
-9.5984923,0.48174243,1.0982896,1,3,0,9.6986593,0.5894784
-7.5995201,1,1.0982896,2,3,0,9.7434853,0.1142788
-6.8183655,0.9205562,1.0982896,1,3,0,7.7747051,0.29871547
-6.7951665,0.85559413,1.0982896,2,3,0,7.3554819,0.28962549
-6.765739,0.99492994,1.0982896,1,3,0,6.82252,0.22697643
-7.1642078,0.91508904,1.0982896,1,3,0,7.193353,0.14892759
-7.1642078,0.73682083,1.0982896,1,3,0,9.1498355,0.14892759
-7.3192636,0.98963982,1.0982896,2,3,0,7.3831467,0.13444465
-7.2444116,1,1.0982896,1,1,0,7.4024205,0.14104185
-8.2721237,0.92529189,1.0982896,2,3,0,8.4219585,0.49616716
-7.012342,1,1.0982896,1,1,0,7.8070882,0.34728136
-7.0960896,0.96851287,1.0982896,1,1,0,7.1819512,0.36251509
-6.7812911,1,1.0982896,1,1,0,6.9841385,0.28312837
-7.2854118,0.87208985,1.0982896,1,3,0,7.2856329,0.3916791
-7.2854118,0.62309425,1.0982896,1,1,0,8.101581,0.3916791
-7.2854118,0.60231632,1.0982896,1,1,0,8.1466209,0.3916791
-6.7871501,0.92196682,1.0982896,2,3,0,7.6839958,0.21616516
-6.8298179,0.9474929,1.0982896,2,3,0,7.0976515,0.30267422
-6.8298179,0.6750579,1.0982896,1,3,0,8.2300145,0.30267422
-6.7855839,0.9439014,1.0982896,2,3,0,7.0863749,0.21682594
-6.7712445,1,1.0982896,1,1,0,6.785944,0.22372745
-6.7504312,1,1.0982896,1,3,0,6.7650948,0.24139034
-6.7504312,0.92766473,1.0982896,1,3,0,7.002789,0.24139034
-6.8945636,0.91871957,1.0982896,2,3,0,7.1818216,0.18671804
-6.8556592,1,1.0982896,1,1,0,6.9064984,0.19519665
-6.9639876,0.95244151,1.0982896,2,3,0,7.2610537,0.17440439
-7.52371,0.91931499,1.0982896,1,3,0,7.5237795,0.11916454
-8.1493856,0.90620833,1.0982896,1,1,0,8.182516,0.086810671
-9.4826013,0.86207163,1.0982896,1,1,0,9.4863649,0.049337048
-7.6335994,0.96348128,1.0982896,1,3,0,9.2713092,0.11219377
-7.6335994,0.82184369,1.0982896,1,3,0,9.2671181,0.11219377
-6.748128,0.95767657,1.0982896,1,3,0,7.5870248,0.24818061
-6.8426392,0.97593395,1.0982896,2,3,0,6.8907303,0.19842079
-6.8871623,0.91176972,1.0982896,2,3,0,7.5547001,0.18822047
-6.7541257,0.96862355,1.0982896,2,3,0,7.1460398,0.23636132
-6.9695478,0.95037081,1.0982896,1,3,0,6.9853841,0.17352867
-6.7485591,0.99499812,1.0982896,2,3,0,6.991635,0.245917
-8.8079106,0.58056506,1.0982896,1,3,0,9.5833677,0.064919911
-6.9214061,0.99012868,1.0982896,1,3,0,8.6583027,0.18161393
-6.7690923,0.95842809,1.0982896,2,3,0,7.3145378,0.22494344
-6.8488204,0.9777906,1.0982896,1,1,0,6.8488851,0.19686076
-7.0504163,0.95087115,1.0982896,1,1,0,7.0533143,0.16208943
-7.072796,0.99497344,1.0982896,1,1,0,7.1442718,0.15927365
-7.2130953,0.8274399,1.0982896,2,3,0,9.1393623,0.14400919
-6.9401088,1,1.0982896,1,1,0,7.1593546,0.17832958
-7.4469301,0.92548202,1.0982896,1,3,0,7.4469426,0.12450432
-7.420302,1,1.0982896,1,1,0,7.5866727,0.12645985
-6.7955501,0.94081101,1.0982896,1,3,0,7.5288014,0.28979112
-6.7679599,1,1.0982896,2,3,0,6.7874314,0.22560956
-7.5266056,0.84305355,1.0982896,1,3,0,7.625313,0.11897123
-7.4809762,1,1.0982896,2,3,0,7.6681882,0.12208406
-7.4199154,1,1.0982896,1,1,0,7.6041849,0.12648866
-6.8128855,1,1.0982896,1,3,0,7.294979,0.20687694
-6.7597251,0.99413503,1.0982896,1,3,0,6.8309156,0.26944103
-6.7597251,0.6445652,1.0982896,1,3,0,7.8164052,0.26944103
-7.2773796,0.86894954,1.0982896,1,3,0,7.283596,0.3905495
-7.9731329,0.89434109,1.0982896,2,3,0,8.1242225,0.46944837
-6.7922625,1,1.0982896,1,3,0,7.5348389,0.28835008
-7.1310272,0.94280295,1.0982896,2,3,0,7.1318927,0.3683637
-9.2742964,0.41744028,1.0982896,1,1,0,9.3294327,0.56950226
-8.0315562,1,1.0982896,1,1,0,9.1813222,0.47490962
-6.7519314,1,1.0982896,1,3,0,7.6091629,0.26116041
-6.8316908,0.97638011,1.0982896,1,3,0,6.8593801,0.20133162
-6.7485187,0.98082974,1.0982896,2,3,0,6.9669407,0.24607302
-6.9445354,0.95112875,1.0982896,1,3,0,6.9709188,0.17758056
-6.9105661,1,1.0982896,1,1,0,6.9724469,0.18361486
-7.2651402,0.96777877,1.0982896,2,3,0,7.3084662,0.38881287
-7.1441043,1,1.0982896,1,1,0,7.3512173,0.37048935
-6.7727289,1,1.0982896,1,3,0,7.0129261,0.27844773
-7.0882568,0.91912675,1.0982896,1,3,0,7.0883596,0.36116743
-6.7996036,0.98636473,1.0982896,1,3,0,7.1421517,0.21135344
-7.0047218,0.96244278,1.0982896,1,3,0,7.0047826,0.16827874
-7.3798346,0.92218592,1.0982896,1,1,0,7.3879561,0.12954494
-6.7847953,1,1.0982896,1,3,0,7.2667005,0.21716422
-6.8629196,0.92123499,1.0982896,2,3,0,7.2940625,0.19349451
-6.9737896,0.98817971,1.0982896,2,3,0,6.9739746,0.33952551
-8.3660797,0.72332753,1.0982896,2,3,0,8.3771581,0.078628891
-9.7728471,0.86744909,1.0982896,1,1,0,9.7774211,0.044048121
-11.377768,0.91160002,1.0982896,1,1,0,11.394581,0.024260376
-7.1767332,1,1.0982896,2,3,0,10.934117,0.14763167
-6.7905918,1,1.0982896,1,3,0,7.0871387,0.2147614
-7.7963683,0.80882384,1.0982896,1,3,0,7.9238386,0.10305268
-8.5703791,0.8997878,1.0982896,1,1,0,8.6063339,0.071856307
-7.3114095,0.97827982,1.0982896,1,3,0,8.3703087,0.13510704
-6.831268,1,1.0982896,1,3,0,7.2008833,0.2014482
-6.8497593,0.99836298,1.0982896,2,3,0,6.8694317,0.19662858
-6.8762144,0.9977085,1.0982896,2,3,0,6.8990714,0.19053055
-6.7535861,0.97043632,1.0982896,2,3,0,7.1190996,0.23697058
-6.9747477,0.94672035,1.0982896,2,3,0,7.0965386,0.17272175
-7.0677678,0.97865254,1.0982896,1,1,0,7.1067532,0.15989519
-8.6000449,0.74164815,1.0982896,2,3,0,9.7135072,0.52249496
-7.0708006,1,1.0982896,1,1,0,8.0325231,0.35811184
-7.1996929,0.98372918,1.0982896,2,3,0,7.3040335,0.37918506
-7.0138599,0.91338875,1.0982896,1,3,0,7.6432427,0.16698873
-7.0215556,0.99821897,1.0982896,1,1,0,7.0885423,0.16592365
-7.7554377,0.90180917,1.0982896,1,3,0,7.7570392,0.10523434
-6.8009256,0.91137015,1.0982896,1,3,0,7.9170098,0.29204941
-6.8601451,0.97942452,1.0982896,1,1,0,6.8714709,0.31205505
-6.8359296,1,1.0982896,2,3,0,6.8782979,0.30468061
-6.8952829,0.97894263,1.0982896,1,1,0,6.9184158,0.32154385
-7.4261723,0.77677535,1.0982896,2,3,0,7.967164,0.12602383
-7.3011207,0.91004772,1.0982896,2,3,0,8.2453659,0.39386591
-7.3244372,0.99073726,1.0982896,1,1,0,7.5294362,0.39705936
-9.7848226,0.36336679,1.0982896,1,1,0,9.891855,0.60032718
-7.5229592,1,1.0982896,1,1,0,9.0311419,0.42212719
-8.1528216,0.77100743,1.0982896,1,1,0,8.4052485,0.48585825
-8.1528216,0.051494843,1.0982896,1,1,0,13.156579,0.48585825
-7.8049601,1,1.0982896,1,1,0,8.3941714,0.45296056
-7.8049601,0.46994808,1.0982896,1,1,0,9.1756839,0.45296056
-6.9920583,1,1.0982896,1,1,0,7.5267986,0.34327073
-6.7939774,1,1.0982896,1,1,0,6.9247785,0.28910784
-6.7495142,0.99913485,1.0982896,1,3,0,6.7901879,0.24321242
-6.9238752,0.92442369,1.0982896,2,3,0,7.1316007,0.32851137
-7.7518361,0.72462867,1.0982896,1,1,0,7.7735036,0.44748783
-7.2365646,1,1.0982896,1,1,0,7.6876944,0.38468276
-6.7590869,0.82562259,1.0982896,2,3,0,7.9286414,0.23171914
-6.8238733,0.98614494,1.0982896,1,3,0,6.8239733,0.20354299
-6.7513847,0.99610589,1.0982896,1,3,0,6.8246611,0.26034366
-6.7722301,0.99322319,1.0982896,1,1,0,6.7722408,0.27815272
-6.9158872,0.97662501,1.0982896,2,3,0,6.9164803,0.32662104
-6.9158872,0.34314565,1.0982896,1,1,0,8.5334974,0.32662104
-7.0254073,0.78053949,1.0982896,2,3,0,7.8570968,0.16539763
-7.3235364,0.93779613,1.0982896,1,1,0,7.3412297,0.13408704
-6.8614651,0.88430471,1.0982896,2,3,0,8.2692187,0.31243454
-6.8614651,0.67813084,1.0982896,1,1,0,7.4894604,0.31243454
-6.7949433,1,1.0982896,1,1,0,6.8470833,0.2895288
-6.9085558,0.9607028,1.0982896,1,1,0,6.9148676,0.32484928
-6.9085558,0.55797561,1.0982896,1,1,0,7.8182912,0.32484928
-6.7590134,1,1.0982896,1,3,0,6.857967,0.26883142
-7.1583216,0.88627163,1.0982896,1,3,0,7.3036702,0.14954566
-6.7536566,0.99569283,1.0982896,1,3,0,7.0903325,0.23688922
-6.7495178,1,1.0982896,1,1,0,6.7524688,0.24320429
-6.7556512,0.99703121,1.0982896,2,3,0,6.764944,0.26564853
-8.1061242,0.56365483,1.0982896,2,3,0,9.6656093,0.088587769
-6.7617002,0.94453392,1.0982896,1,3,0,8.0315244,0.22971481
-7.2689646,0.89038247,1.0982896,1,3,0,7.3224846,0.13880499
-7.0605838,1,1.0982896,2,3,0,7.2597126,0.1607942
-6.9091542,1,1.0982896,1,1,0,7.0408336,0.18388121
-6.870444,0.92169239,1.0982896,2,3,0,7.6817136,0.19179421
-7.2147765,0.78931575,1.0982896,2,3,0,8.5341001,0.14384644
-7.2147765,0.97315756,1.0982896,1,1,0,7.4016426,0.14384644
-7.3186393,0.93790971,1.0982896,2,3,0,8.0409616,0.13449707
-6.8272149,0.87433247,1.0982896,2,3,0,8.3362938,0.30179848
-6.8444124,0.99393838,1.0982896,1,1,0,6.8689514,0.3073605
-7.4379064,0.58755044,1.0982896,2,3,0,8.8484225,0.12516066
-7.398613,1,1.0982896,1,1,0,7.5675123,0.12809573
-7.7511526,0.98020185,1.0982896,2,3,0,7.8131018,0.10546701
-7.5328884,1,1.0982896,1,1,0,7.8254166,0.11855371
-8.1272189,0.91074417,1.0982896,1,1,0,8.1654173,0.08771474
-7.8981773,1,1.0982896,1,1,0,8.2538076,0.097925069
-6.7524991,0.94913284,1.0982896,1,3,0,7.8348148,0.23829761
-7.861861,0.74443566,1.0982896,1,3,0,7.9425189,0.45867519
-7.0001137,1,1.0982896,1,1,0,7.5647617,0.34488115
-7.0410732,0.98459049,1.0982896,1,1,0,7.1265578,0.35272818
-7.8599232,0.7219717,1.0982896,1,1,0,7.9185704,0.45848296
-7.0384706,1,1.0982896,2,3,0,7.893272,0.16364711
-7.0283962,1,1.0982896,1,1,0,7.1058631,0.16499259
-7.1270145,0.97818715,1.0982896,1,1,0,7.1761588,0.15293644
-6.7536223,0.99221239,1.0982896,2,3,0,7.16547,0.23692875
-7.401575,0.57299011,1.0982896,2,3,0,9.3514401,0.12786996
-7.0753638,1,1.0982896,1,1,0,7.3550297,0.15895863
-7.0806992,0.95559121,1.0982896,2,3,0,7.6446582,0.15830912
-8.4089604,0.85323152,1.0982896,1,3,0,8.4580975,0.077137914
-10.543644,0.84008898,1.0982896,2,3,0,10.554576,0.64048799
-6.7508789,1,1.0982896,1,3,0,9.3335885,0.24063125
-6.8117518,0.98403318,1.0982896,2,3,0,6.8464026,0.29629062
-7.4431491,0.79136193,1.0982896,1,1,0,7.4440246,0.4124603
-7.4431491,0.26115505,1.0982896,1,1,0,9.4918095,0.4124603
-8.7394091,0.5851897,1.0982896,1,1,0,8.9286781,0.53291741
-7.253225,1,1.0982896,2,3,0,9.0404585,0.14023022
-7.253225,0.79817327,1.0982896,1,3,0,9.2939978,0.14023022
-7.2398844,1,1.0982896,1,1,0,7.3646101,0.14146266
-7.0227834,1,1.0982896,1,1,0,7.219968,0.16575546
-6.9582696,1,1.0982896,1,1,0,7.0485458,0.1753194
-6.7789074,0.85335774,1.0982896,2,3,0,7.9283908,0.28188982
-7.34905,0.83036155,1.0982896,1,3,0,7.6251588,0.13199047
-7.7355842,0.93382265,1.0982896,1,1,0,7.7849113,0.10631939
-6.8455042,1,1.0982896,1,3,0,7.5777706,0.19769078
-6.7480242,0.98027374,1.0982896,2,3,0,6.9711016,0.25027651
-6.7518593,0.99708597,1.0982896,2,3,0,6.7618211,0.23915715
-6.7740328,0.99507028,1.0982896,1,3,0,6.7740393,0.22223737
-6.7607834,0.99234815,1.0982896,2,3,0,6.8248617,0.23039323
-6.7607834,0.47100112,1.0982896,1,3,0,9.9349252,0.23039323
-6.9201451,0.96517348,1.0982896,1,3,0,6.9245793,0.18184281
-6.8638847,1,1.0982896,1,1,0,6.9267133,0.19327293
-6.8521799,0.9743222,1.0982896,2,3,0,7.1112251,0.19603554
-6.8062979,1,1.0982896,2,3,0,6.8487104,0.20902721
-6.7898289,1,1.0982896,1,1,0,6.8108037,0.21506716
-6.8527051,0.97981263,1.0982896,1,3,0,6.9303837,0.30987602
-6.7792575,1,1.0982896,1,1,0,6.8312655,0.28207454
-6.7792575,0.95535758,1.0982896,1,1,0,6.8664004,0.28207454
-7.9824505,0.71871373,1.0982896,1,3,0,7.9881602,0.47032797
-6.9850664,0.98613099,1.0982896,2,3,0,8.3514673,0.17115346
-7.0421887,0.96139623,1.0982896,1,3,0,7.3961179,0.35293459
-6.7802249,0.63963875,1.0982896,2,3,0,8.5829847,0.28257979
-7.1983397,0.63123844,1.0982896,2,3,0,8.6247825,0.14545509
-6.9872152,0.91643171,1.0982896,2,3,0,8.7376915,0.17083218
-6.8386875,1,1.0982896,1,1,0,6.9543467,0.19944848
-6.9325728,0.97607927,1.0982896,1,1,0,6.9426384,0.17962893
-8.9023915,0.41272942,1.0982896,2,3,0,11.206582,0.54460479
-7.2071384,1,1.0982896,1,1,0,8.2987126,0.38031142
-6.838491,1,1.0982896,2,3,0,7.2323989,0.19950023
-6.7495611,0.83253928,1.0982896,2,3,0,7.8656674,0.25697817
-6.7495611,0.42283711,1.0982896,1,3,0,10.227327,0.25697817
